trial,score,duration_sec,lgbm_num_leaves,lgbm_learning_rate,lgbm_feature_fraction,lgbm_bagging_fraction,lgbm_n_estimators,lgbm_residual_threshold_sigma,stl_residual_threshold_sigma,iforest_contamination,iforest_n_estimators,w_stl_raw,w_lgbm_raw,w_iforest_raw,ensemble_threshold,dbscan_eps_days,cascade_rate,drift_rate,ensemble_f1,ensemble_fp,ensemble_tp,lgbm_f1,spike_rate,stl_f1,w_iforest,w_lgbm,w_stl
398,0.4762,35.5,28,0.04472307209137759,0.5009651611523983,0.9910873697852238,1000,1.7322508437549935,1.74587221727604,0.0036790052569854875,450,0.7697878563936863,0.551164334741031,0.10101310335335202,0.08069462105070259,2,0.5263,0.4262,0.4762,184,165,0.3528,0.875,0.2059,0.071,0.3876,0.5414
394,0.4748,61.8,39,0.043490249136092674,0.5263719383655625,0.9914856634379855,1000,1.743512518807314,1.8081798709546597,0.003794884945690358,450,0.7451560988343451,0.583214868805827,0.10081715148877257,0.08027321021632666,2,0.5,0.4221,0.4807,168,162,0.3472,0.875,0.2105,0.0705,0.4081,0.5214
400,0.4727,34.8,28,0.04399741772562535,0.5042647348710385,0.9920729982238502,1000,1.7203985072179533,1.7273863086913486,0.0036673066934321203,450,0.7629770050964063,0.5491016223048171,0.10040119448552765,0.07978241798013928,2,0.5263,0.4221,0.4721,190,165,0.3622,0.9167,0.2053,0.0711,0.3888,0.5402
167,0.4727,33.7,83,0.04272579963389929,0.5954073785610594,0.9789622984045218,1400,1.908834912602304,1.7805071155946288,0.014204440863991027,400,0.8457040671331632,0.4458717135121466,0.11522172670818434,0.09255051885757422,3,0.5,0.4098,0.4804,159,159,0.3404,0.875,0.2088,0.0819,0.3169,0.6012
189,0.4723,32.1,87,0.04173927830450538,0.6604405295339836,0.9711437733417551,1300,1.9271800388945994,1.691827216329352,0.015241609395349085,400,0.8652722922812516,0.6968550134617543,0.10045557626219068,0.08209322328264068,3,0.4474,0.4016,0.4928,124,153,0.3427,0.875,0.2031,0.0604,0.4191,0.5204
399,0.4719,35.0,28,0.045007115768607886,0.5041143562448552,0.9928110420934866,1000,1.7459207842450504,1.7702656470459859,0.0037249925885019597,450,0.7591365238574506,0.5619458778045232,0.10068232291476101,0.07874684055340009,2,0.5263,0.4303,0.4691,201,167,0.3511,0.9167,0.2083,0.0708,0.3952,0.5339
472,0.4706,7.5,28,0.04301254357352603,0.510978567479556,0.9658370113852804,1000,1.6919073076188413,1.616979174794743,0.0034942749455479207,350,0.7825293176672385,0.6067425906108467,0.10071023980470231,0.08331281021505849,2,0.4605,0.4057,0.4867,138,155,0.3539,0.875,0.1963,0.0676,0.4072,0.5252
171,0.4697,29.9,81,0.04430346913708533,0.5832891681841549,0.9994952879180923,1000,2.004974975486567,1.8584235075879272,0.01273396518342413,400,0.8649901855695942,0.622272190947898,0.11131132298463527,0.0865103975877024,3,0.4605,0.3934,0.488,127,152,0.3755,0.875,0.2154,0.0696,0.3893,0.5411
411,0.4696,33.8,25,0.04587448366616774,0.5166298662526513,0.9860757550886833,1000,1.7253731179507974,1.744184956004331,0.003511601964784305,500,0.7364732670044745,0.5388432662735128,0.10026251210316035,0.08055187724908391,2,0.5132,0.4221,0.4704,186,163,0.3636,0.875,0.2058,0.0729,0.3917,0.5354
395,0.4688,37.0,33,0.04341763135555286,0.5126981709825873,0.9932006098936269,1000,1.7297932662837134,1.8096438884341077,0.003967545166542232,450,0.7817015858055107,0.5932434146732827,0.10108284143350445,0.0788141625953546,2,0.5263,0.4139,0.4682,186,162,0.3662,0.875,0.2109,0.0685,0.4019,0.5296
170,0.4681,33.5,77,0.037921320367065706,0.5832928455315224,0.9909917270612033,1000,2.0052107603131826,1.85786243216468,0.0127908646474137,400,0.8668966627775314,0.5726330541902525,0.10097828109002242,0.08883040922678734,3,0.4605,0.377,0.4893,113,148,0.3419,0.875,0.2154,0.0655,0.3717,0.5627
201,0.4679,37.9,96,0.04441887137556483,0.6375863746828315,0.9747515057968967,900,1.9296694436562205,1.8817674843099785,0.015978459342453472,450,0.8690496175609237,0.7837406528385744,0.13089059585228768,0.07780026069080069,3,0.4737,0.4344,0.4738,181,163,0.3535,0.875,0.2176,0.0734,0.4394,0.4872
378,0.4678,52.4,70,0.034316465737177886,0.540434906706694,0.9996156324271154,1200,1.7079880853277123,2.5545113447591743,0.01114964314289172,500,0.8272489809090059,0.6042790908963329,0.11181862691271408,0.0798551017472337,2,0.5132,0.4221,0.4679,193,164,0.3553,0.9167,0.2855,0.0725,0.3915,0.536
241,0.4676,30.2,69,0.0430435005248663,0.5355431095435543,0.9702189217374251,300,1.9707550217850212,1.9136874921447298,0.011781173537479818,450,0.8847316600331635,0.5703244636220323,0.12829057328586127,0.08769237072470172,3,0.4868,0.418,0.4741,171,160,0.3455,0.875,0.2202,0.081,0.3602,0.5588
461,0.4674,8.2,22,0.05214274508698887,0.5097184473506021,0.978539001198415,1000,1.7091955778248047,1.7669286812195886,0.003866711136956679,350,0.7841216020184026,0.5538532830073882,0.118357077597331,0.08982817257573567,2,0.4737,0.4057,0.4793,151,156,0.3558,0.875,0.208,0.0813,0.3803,0.5384
397,0.4672,35.7,31,0.043559941362058,0.5076253564055033,0.9909201845280252,1000,1.7607817439578604,1.7531893954374376,0.0036747129189981117,450,0.7673664253077724,0.5692685213561,0.10050351087379489,0.07890539975064637,2,0.5132,0.4221,0.467,191,163,0.36,0.875,0.2066,0.0699,0.3961,0.534
491,0.4665,7.6,30,0.04044292052944414,0.5232118514016282,0.9906035948367737,1100,1.6600433334050044,1.6725785197033443,0.003378393246301873,450,0.8179249192256007,0.49843785697305537,0.10003888587179023,0.09255524036989572,2,0.4605,0.3811,0.4861,120,149,0.3616,0.875,0.2011,0.0706,0.3519,0.5775
403,0.4661,34.5,27,0.041239145653066384,0.5152337872829452,0.991747362517901,1000,1.6964608116597417,1.75567241912917,0.003954033753060271,450,0.7240017626086922,0.5739790200672221,0.10142568781866536,0.07901253736574318,2,0.5,0.4303,0.4666,195,164,0.3498,0.875,0.2067,0.0725,0.4102,0.5174
362,0.4658,13.3,72,0.037945368947577725,0.5513302125546936,0.985293489731872,1300,1.686097954605194,2.527721273667373,0.011707897921445961,450,0.8262112566266688,0.6368873788508826,0.10008848137544334,0.07248032892665278,3,0.5526,0.4385,0.453,240,171,0.3467,0.9167,0.2843,0.064,0.4074,0.5285
423,0.4657,35.7,29,0.03485113390356432,0.5107096440375607,0.9837972679649615,1100,1.779097403981818,1.7795051197686382,0.0031726435297225746,450,0.7746030909932955,0.5523852388890033,0.11485917771134971,0.08199509541573892,2,0.5132,0.4385,0.4613,213,167,0.3494,0.875,0.2088,0.0797,0.3831,0.5372
422,0.4653,33.6,29,0.0358298011364804,0.5145307438195191,0.9792850564958371,1100,1.7742861796995857,1.7797446505970707,0.0032628441889736674,450,0.7747681093555844,0.5516585005160605,0.10058824629224555,0.08443099641603757,2,0.4737,0.4057,0.4763,155,156,0.3615,0.875,0.2088,0.0705,0.3866,0.5429
430,0.4632,25.6,31,0.043482718736178275,0.5098104794248618,0.9758737129591621,1000,1.7843332728312218,1.8631035590488008,0.003383053643565311,450,0.7528801494410692,0.5872891574507342,0.11458973804902173,0.08505801625659204,2,0.4605,0.4139,0.4743,161,157,0.3477,0.875,0.2156,0.0788,0.4037,0.5175
455,0.4626,27.6,22,0.04542393975208238,0.510412373570077,0.9930300203583284,1000,1.6105605052374818,1.756819245103319,0.0037796280433877415,450,0.8060241426238235,0.5681233159963905,0.11995807755114307,0.08873922578570784,2,0.4605,0.4016,0.476,149,154,0.358,0.875,0.2067,0.0803,0.3802,0.5395
431,0.4615,24.9,34,0.04545453256762845,0.500830226455837,0.9747466391567783,1000,1.7898091471374162,1.856912667253345,0.0033782021041222567,450,0.7308793527704809,0.5848902034582151,0.10098997972623047,0.07564481184474633,2,0.5132,0.4385,0.4553,226,168,0.3486,0.9167,0.2152,0.0713,0.4128,0.5159
242,0.4615,28.4,68,0.04699761025091871,0.6572110150623441,0.9714396975995611,300,1.9768685308720044,1.9080986174711732,0.012509797447565304,300,0.8887327553155724,0.5710305190639662,0.12610590005408873,0.0963922283823322,3,0.4079,0.3934,0.4876,112,147,0.3424,0.8333,0.2194,0.0795,0.3601,0.5604
143,0.4614,25.2,47,0.08695926288918428,0.5158348220489863,0.9990108067200532,300,1.9376601162459024,2.5857033612458133,0.012981510939476644,350,0.9215129979696965,0.41321519703690934,0.10158307570397196,0.09361477092278186,3,0.5132,0.377,0.4684,153,152,0.3467,0.875,0.2882,0.0707,0.2877,0.6416
464,0.4612,7.7,22,0.04584364015921136,0.5000183562914532,0.9859248282246602,1000,1.8295699661299694,1.816721320555531,0.0033089021902994683,500,0.7651612901671841,0.6036724503314834,0.11629579790877047,0.0832973129332039,2,0.4868,0.4098,0.4668,175,158,0.3504,0.875,0.212,0.0783,0.4065,0.5152
392,0.4603,39.1,39,0.04429570683961226,0.5212599245924006,0.9918933253773383,1100,1.71968822017093,1.8181244497555393,0.004389824142212028,450,0.7708166784579787,0.5885655288155137,0.12011894223277157,0.08105263197052562,2,0.5,0.4467,0.4547,227,168,0.3571,0.875,0.2122,0.0812,0.3978,0.521
149,0.46,25.5,46,0.08353810329505837,0.6558531433950257,0.9655824053508958,900,1.6793880970697899,2.6649166335469574,0.013695459747741097,450,0.8790965773042665,0.51182549673123,0.12975403204508737,0.0965232201561424,3,0.4211,0.4016,0.4809,133,151,0.354,0.875,0.2942,0.0853,0.3366,0.5781
391,0.4598,33.4,39,0.03841407158808285,0.5278391980010558,0.9919330788448706,1000,1.7333621520592142,1.8623628939942227,0.003804602854489833,450,0.7789152116643809,0.5957713237777509,0.11449607280006609,0.08914239608070429,2,0.4211,0.3975,0.4814,126,149,0.3535,0.8333,0.2156,0.0769,0.4001,0.523
85,0.4595,26.1,43,0.05807228629352727,0.5391784418331393,0.9435473183171622,1100,1.6556754080886527,2.6762818770365833,0.009448276998112176,450,0.9460967600160031,0.5794059637023312,0.10089434367270575,0.0914497377483359,3,0.4211,0.3648,0.488,96,142,0.3369,0.875,0.2966,0.062,0.3563,0.5817
433,0.4593,30.4,34,0.04581947822245318,0.5069479452959433,0.9999861654536424,1000,1.810959731220119,1.8554812594302519,0.003600279468320157,450,0.7402512022113045,0.5970258002889309,0.10083791764264365,0.07284198264284236,2,0.5526,0.4508,0.4411,271,174,0.3648,0.9167,0.2148,0.0701,0.4151,0.5147
494,0.4593,8.2,31,0.034540673678960326,0.5443797084541716,0.9898852286544495,1100,1.597731937792751,1.688680467822883,0.0034378760753742406,250,0.795091569650417,0.5070012142106044,0.11729121674148495,0.09219953886352843,2,0.4605,0.3975,0.4722,151,153,0.3665,0.875,0.2029,0.0826,0.3572,0.5602
249,0.458,42.1,86,0.0416166000912409,0.5279272508585646,0.9904978189616407,900,2.0326381249425935,1.7816115878400278,0.011497902971546358,450,0.9279436470132515,0.7549536973886725,0.1667366317262482,0.08750693566251047,3,0.4474,0.4344,0.4653,187,161,0.3451,0.875,0.2088,0.0901,0.4082,0.5017
404,0.4578,34.9,29,0.041076207476540554,0.5124458989317906,0.9993317446035088,1000,1.709247131253874,1.7517545964584504,0.004204486556454456,450,0.7414880817489424,0.5734282056009576,0.10046487125660437,0.07224047857461788,2,0.5526,0.4631,0.4363,294,178,0.3692,0.9583,0.2066,0.071,0.4051,0.5239
79,0.4576,27.1,45,0.03909129688004723,0.5219815297663144,0.9582667808950901,300,1.6335224592049444,2.6275089639792673,0.012873845829022871,500,0.9406362222608148,0.46538336586795565,0.10312029809106224,0.08892006095558712,3,0.5132,0.377,0.4629,164,153,0.3446,0.9167,0.2918,0.0683,0.3084,0.6233
134,0.4575,30.7,75,0.0743492935427662,0.6096830229694647,0.9585489672741581,400,1.7472256958880819,2.668452465613742,0.0124422358378586,300,0.8857084034356015,0.3957117577684828,0.13098307321179678,0.10449235251514948,3,0.4342,0.3934,0.4762,136,150,0.3421,0.875,0.2945,0.0927,0.2802,0.6271
474,0.4572,7.2,28,0.036299828893808166,0.5334772910817083,0.9647788602821487,1000,1.6943258416034632,1.6147604322832914,0.006691686849621755,350,0.8163970721799423,0.5431785431374638,0.10014155842541617,0.07401372565261645,2,0.5526,0.4508,0.438,280,175,0.3566,0.9583,0.1962,0.0686,0.3721,0.5593
417,0.4571,33.8,22,0.04093085055087748,0.5122460101993632,0.9833864111377806,1000,1.7566563735334213,1.8091733216992436,0.004162199254621489,500,0.7637576415241647,0.559916397277791,0.12161370616327612,0.08149188819588382,2,0.5263,0.4426,0.4453,246,169,0.3535,0.875,0.2108,0.0841,0.3874,0.5284
449,0.4569,39.4,38,0.040055753600088555,0.5222268202486283,0.9819617619646284,1000,1.7364956235769855,1.5924241372784615,0.0040335824132123515,450,0.8018423442502528,0.5954859786950885,0.11671845056920643,0.07822780992307413,2,0.5263,0.4467,0.4442,255,171,0.3533,0.9167,0.1938,0.0771,0.3933,0.5296
465,0.4568,13.0,19,0.04777131737443728,0.5000500364040767,0.9757611903841594,1000,1.8510554563976758,1.7687418628419378,0.0031596758180571136,500,0.7432527270371232,0.6162919993185936,0.11428867253181248,0.08913087859713976,2,0.3947,0.3975,0.4828,118,147,0.3499,0.8333,0.208,0.0775,0.4182,0.5043
247,0.4564,29.7,71,0.04713540844224164,0.5339708137234469,0.9752648660665105,900,2.0341755309359217,1.7867191755707341,0.012323315611693284,450,0.9349376854928196,0.7764043658644878,0.16673439972538565,0.0857426899610343,3,0.4605,0.4344,0.4602,198,162,0.3495,0.875,0.2098,0.0888,0.4134,0.4978
486,0.4557,7.3,27,0.04751401438329145,0.5000055687928906,0.9751272186291279,1000,1.7867416403833944,1.716235773956278,0.003948740362959303,450,0.7987394584203242,0.595515999004576,0.1287987771937121,0.08176426216485551,1,0.5132,0.4467,0.4453,246,169,0.3605,0.875,0.205,0.0846,0.391,0.5244
267,0.4555,39.6,73,0.08506757018631365,0.6289796172171548,0.984690521905411,1500,1.86230072808841,2.5872752215171126,0.012191036312015752,450,0.923083749175647,0.34293730874703204,0.11712742110959007,0.10140974722127613,3,0.5,0.3648,0.4654,144,148,0.3555,0.875,0.2884,0.0847,0.2479,0.6674
410,0.4547,35.0,23,0.04102840805324296,0.5002142725637144,0.9912803493551998,1000,1.6332805598854159,1.7696223292664897,0.00444235854626637,450,0.7711365149198686,0.5757675827747236,0.10055944312196592,0.0719072431355771,2,0.5526,0.459,0.4328,297,177,0.3636,0.9583,0.2083,0.0695,0.3978,0.5328
255,0.4545,32.7,82,0.07797331051882084,0.6064077584903004,0.9730993417667552,1300,2.00849577659084,1.9486379060010226,0.012890276826989126,450,0.9185515988519329,0.8435266320610152,0.15383281377261857,0.09342440418553152,3,0.3553,0.3975,0.488,96,142,0.3525,0.75,0.2214,0.0803,0.4403,0.4794
103,0.4539,11.2,72,0.08231168004421775,0.9002547779465061,0.8862046983558877,1400,2.009649009272708,1.9069358845547468,0.015549364210702422,450,0.9576381867287704,0.3458324658948852,0.18834946645096712,0.11333020692843788,3,0.4737,0.4426,0.4521,221,165,0.3504,0.875,0.2193,0.1263,0.2318,0.6419
156,0.4539,25.0,42,0.07893667080469258,0.5708201822005057,0.9553287248017536,300,1.7944275904897742,2.6828951148675433,0.01362654120263068,450,0.7868114395009808,0.357461570341416,0.11566964317009966,0.10772669981240289,3,0.4211,0.373,0.4783,111,143,0.3546,0.8333,0.2985,0.0918,0.2837,0.6245
367,0.4529,42.7,68,0.030526635939596057,0.5375987183645853,0.9999120421907784,1300,1.5499338764723105,2.550235845326812,0.011104824471756725,400,0.7803231676063223,0.6904995166313203,0.11419782624955538,0.07196625248166659,3,0.5263,0.4467,0.4385,265,171,0.3471,0.9167,0.2852,0.072,0.4356,0.4923
182,0.4527,31.6,73,0.04712793033458461,0.6341138167361644,0.9736557306990897,1200,1.9158113066191729,1.8009972882162337,0.012661443471854505,400,0.874781495332035,0.6401414199883517,0.1665623980669088,0.09145677525049671,3,0.4737,0.4344,0.4521,214,163,0.3486,0.875,0.2108,0.0991,0.3807,0.5202
102,0.4522,18.0,73,0.08095765957009084,0.9510034622374253,0.9322426942587688,1300,1.927388966617742,1.5920145351753818,0.013841947749714832,450,0.970723582519381,0.34039491620114776,0.18812103761060003,0.11359102859151055,3,0.4605,0.4426,0.4524,217,164,0.3409,0.875,0.1938,0.1255,0.227,0.6475
196,0.452,41.6,99,0.04964073463478435,0.6518226530268282,0.9797677677168664,900,2.0382152461560454,1.8590129256930352,0.014088151644021022,400,0.8490559197630678,0.7587318620783716,0.1438137284512334,0.0888466441492481,3,0.3947,0.4016,0.4751,131,148,0.3412,0.8333,0.2154,0.0821,0.4332,0.4847
414,0.452,37.3,30,0.04331970174908327,0.5113168389131849,0.9861896739570627,1000,1.622454455558392,1.645653946112516,0.0031935331484017363,500,0.7170909686054903,0.5586311411378199,0.10007927296806657,0.07484104330523879,2,0.5526,0.4344,0.4342,269,170,0.3514,0.9167,0.1981,0.0727,0.406,0.5212
402,0.4499,35.4,37,0.04458063210173871,0.5050948520129241,0.9916377206318427,1000,1.6855447806868473,1.7183316801983481,0.0033997247926216096,450,0.7211065188298122,0.5434272431394434,0.1137349259563106,0.07736592407261571,2,0.5526,0.4549,0.4268,301,175,0.3508,0.9167,0.2053,0.0825,0.3943,0.5232
313,0.4497,10.3,43,0.03622866700658069,0.5355104138557806,0.9841859096757613,1400,2.022736336195922,1.8794350791398162,0.01198800953801177,450,0.8557141305088195,0.40962306710959884,0.1527487209955317,0.09963493326950197,3,0.4868,0.4344,0.445,229,164,0.3459,0.875,0.2171,0.1077,0.2889,0.6034
453,0.4483,27.4,31,0.04908176769231321,0.500227220957878,0.9912689671513029,1100,1.6857119589926997,1.8083809586458572,0.003098990166182632,450,0.7211824239129011,0.5805019127373644,0.1350599249970158,0.08613852142131663,2,0.4737,0.4426,0.4441,234,165,0.3604,0.875,0.2106,0.094,0.404,0.502
364,0.4482,21.4,72,0.037283472846382906,0.5375104741763341,0.9997818987955472,1300,1.5563748442166916,2.519539143054565,0.010660220337186227,400,0.8158715977632361,0.6570962052587214,0.11748669434713543,0.07075501779291098,3,0.5526,0.4754,0.42,337,181,0.3607,0.9583,0.2824,0.0739,0.4131,0.513
273,0.4479,32.6,80,0.09932747693269911,0.5614076171277539,0.9637694367863051,1400,1.8328773269342966,2.7381014707139024,0.012915602359281133,450,0.9025389161339966,0.3549974012118854,0.1720232237983786,0.11152749678778906,3,0.4342,0.4221,0.4564,187,157,0.3506,0.875,0.3025,0.1203,0.2483,0.6313
185,0.4478,29.4,88,0.04813348256421669,0.6425089793516361,0.9991377759534562,1100,1.9362048094430149,1.6997240401758245,0.015484841964523382,400,0.8908016551492586,0.6404179540218958,0.16164992204908973,0.09580663024906114,3,0.3947,0.4098,0.4673,148,150,0.3443,0.8333,0.2041,0.0955,0.3783,0.5262
383,0.4476,40.1,60,0.03355509139162301,0.5271185323508611,0.9805709106189076,900,1.7203569590696672,2.6547639522823627,0.011127049033763865,500,0.8591234019274766,0.5632206049936189,0.12805517536765557,0.07721979054121449,3,0.5526,0.4713,0.4201,333,180,0.3493,0.9583,0.295,0.0826,0.3633,0.5541
276,0.4475,33.0,78,0.10135336593766789,0.5784573609012225,0.9494629197254684,1400,1.883632680182786,2.745058967342636,0.012218506346031057,450,0.9004967763966545,0.3516580650617703,0.14246366433247906,0.1095424334944672,3,0.4079,0.3934,0.4676,141,148,0.3447,0.875,0.3039,0.1022,0.2522,0.6457
334,0.4472,9.5,76,0.056296959945197185,0.5321286628438631,0.9998635841190227,900,1.8546579659211015,1.7192074796762578,0.012522868844090072,450,0.9290740303302663,0.8586140097305945,0.14845890031072076,0.08643942981912434,3,0.3816,0.3893,0.4737,120,144,0.3556,0.8333,0.2054,0.0767,0.4435,0.4799
165,0.4454,28.5,77,0.07853511966296932,0.5606910457373842,0.9794089204096041,200,1.9282330495743918,2.4764773917514495,0.012499285334739247,450,0.8938435602182301,0.4581271652949895,0.11909734296644409,0.10313895414807805,3,0.3947,0.3648,0.4736,104,139,0.3426,0.8333,0.278,0.081,0.3114,0.6076
221,0.4453,30.4,70,0.04597407336298313,0.5996678530882786,0.9558432116471656,400,1.5921818927959819,1.6797369527215298,0.014755132895240863,400,0.8947947146293398,0.45987495810056955,0.16955314889606013,0.09895797963215344,3,0.4868,0.4467,0.436,255,167,0.3427,0.875,0.2018,0.1112,0.3017,0.587
184,0.4449,34.7,83,0.050190757398582385,0.6225333899044567,0.9985876383456399,1300,1.9329156870279534,1.7264383178495037,0.015221240195968898,450,0.8823115091256828,0.6193043282400073,0.16172818536510963,0.09659521316413448,3,0.4079,0.4098,0.4604,161,151,0.3467,0.8333,0.2053,0.0972,0.3723,0.5304
224,0.4448,28.7,44,0.049235622147820075,0.6137193190667286,0.9716795416364086,400,1.6953335906762534,1.6729345725563427,0.013443933142253298,400,0.858060758940717,0.6206954269811611,0.13736593641193307,0.10427444209648633,3,0.3421,0.373,0.4821,81,135,0.3524,0.75,0.2012,0.085,0.3841,0.5309
352,0.4447,10.7,70,0.04013439870763934,0.6732705387221375,0.9737638379116472,1500,1.7928000815976244,1.768848997539042,0.0117641352503624,450,0.9606587666314564,0.7127963805772815,0.1137540079951433,0.06553537146650196,3,0.5921,0.4836,0.4048,389,186,0.3438,0.9583,0.208,0.0636,0.3988,0.5375
133,0.4443,28.7,66,0.07321181755978368,0.6207083039193662,0.9581692085682096,400,1.7413190095027575,1.435872954519323,0.01179187526865406,300,0.8813281226679948,0.42064895472503394,0.13395049538711024,0.10418512052543516,3,0.4079,0.3852,0.4647,135,145,0.3443,0.8333,0.1823,0.0933,0.2929,0.6138
194,0.443,33.3,91,0.04727145964112711,0.6596301895610273,0.9664512059269593,900,2.0234063634776303,1.8543733536239215,0.014795272799265465,400,0.904186135337156,0.7325242061603058,0.12265607736696417,0.09882671954292882,3,0.3421,0.3525,0.4841,60,129,0.3504,0.7083,0.2148,0.0697,0.4164,0.5139
73,0.4428,30.8,67,0.058845824965253146,0.5205776342418256,0.9589726229031278,200,1.8389041730149562,2.683914801848827,0.013375230844509235,450,0.8517917237998047,0.4622921862138381,0.16326038504070547,0.10600560282116683,3,0.3947,0.4098,0.4601,158,150,0.3405,0.8333,0.2985,0.1105,0.3129,0.5766
236,0.4427,31.3,74,0.05452121476158107,0.6439998374172197,0.9823517849628931,300,1.749085605774522,1.664871552055775,0.01260108335821979,400,0.8306580158080861,0.6175857539181404,0.11547450603204948,0.10042486524816074,3,0.3553,0.3525,0.4807,70,131,0.3582,0.75,0.2006,0.0738,0.3949,0.5312
409,0.4423,36.2,31,0.03824150926537611,0.5139876958899275,0.9907389535698384,1000,1.697439172337582,1.6630314925504917,0.004000500474883541,450,0.7045620945234041,0.5754901750045115,0.11864986260509121,0.07816111872008213,2,0.5263,0.4467,0.4234,289,170,0.3577,0.875,0.2005,0.0848,0.4114,0.5037
481,0.4415,7.3,25,0.04005074261148139,0.5233314318339123,0.9998450961570599,1000,1.7165420644212885,1.7456229709287556,0.0039236113832488775,350,0.7715426167706517,0.5500191033290532,0.11768952871837277,0.07689640470005445,2,0.5526,0.4508,0.4157,323,175,0.3697,0.9583,0.2059,0.0818,0.3822,0.5361
302,0.4409,10.5,90,0.038221766625089915,0.5325213841305522,0.9891758148510856,900,1.9218968691321103,2.6384172691015864,0.012976324277271656,350,0.8577567502495802,0.7299540803254088,0.11932218288052196,0.09318807005821214,3,0.3421,0.3566,0.4801,77,133,0.3488,0.8333,0.2946,0.0699,0.4276,0.5025
344,0.4395,10.9,88,0.04573603811651855,0.5424165443902412,0.9722682905345613,1300,2.1471888682959106,1.8569460953940553,0.014091474209649782,400,0.9201218965687256,0.6866143090580323,0.17854921244522387,0.09900591957801606,3,0.3816,0.4016,0.4601,148,147,0.3536,0.8333,0.2152,0.1,0.3846,0.5154
82,0.438,25.5,45,0.04348593056204327,0.5436369461396845,0.971403438117938,200,1.6195531857467742,2.8567700067534303,0.011340021975955503,450,0.8720686123422302,0.5026225336012066,0.14823766230574853,0.08757627979385421,3,0.5132,0.4508,0.4191,301,171,0.3481,0.9167,0.3182,0.0973,0.33,0.5726
448,0.437,42.2,33,0.047252547980743236,0.5133564870175787,0.9997685684630131,1100,1.6949312939181278,1.6500417890908587,0.0035496933019437495,450,0.7478815789888724,0.5407039370861131,0.13580716871185133,0.08533105076260679,2,0.4868,0.4549,0.4225,287,169,0.3569,0.875,0.1987,0.0953,0.3796,0.5251
476,0.4367,8.3,30,0.011400913128856143,0.5172014599307483,0.9665346079214024,1000,1.6933486449558555,1.5868209492286725,0.003798152271902453,350,0.6945742669643689,0.5645342882071203,0.12963585301235173,0.08046521268956425,2,0.5263,0.4631,0.4118,327,174,0.3554,0.875,0.1934,0.0933,0.4065,0.5001
435,0.4358,24.8,29,0.043461672082532356,0.512012840413414,0.9755711409603707,1000,1.7339615366173788,1.8891520895338798,0.003155195157176368,450,0.6983915100046925,0.5816243486197133,0.10020122190520475,0.06805702115991073,2,0.5526,0.4713,0.4031,369,180,0.3563,0.9583,0.2188,0.0726,0.4214,0.506
127,0.435,30.7,69,0.04748515364769663,0.5937725158213866,0.9557923550640077,400,2.251969387375455,1.5595827631109649,0.008592972937979374,400,0.8961951049854587,0.4575139858689006,0.17508997070137564,0.09945754101930825,3,0.4868,0.4508,0.4205,287,168,0.3398,0.875,0.1905,0.1145,0.2993,0.5862
493,0.434,7.6,26,0.04077563619003114,0.5246952439885487,0.9737816236132254,1100,1.6750459407912426,1.6701837476030887,0.0031241493349400645,450,0.8161998866216617,0.5524038971251816,0.11789875568820563,0.0732115548937607,2,0.5658,0.4713,0.3978,385,181,0.3526,0.9583,0.201,0.0793,0.3716,0.5491
314,0.434,9.9,43,0.033567413612390504,0.5186971590336616,0.9912816784972611,1400,2.137105089686625,1.8677278808084044,0.012162386972142404,300,0.8487571243479074,0.397519328826564,0.15885717996072857,0.09785001953844585,3,0.5,0.459,0.4145,310,171,0.3504,0.875,0.2157,0.1131,0.2829,0.604
178,0.4333,34.8,78,0.04478135451798494,0.6068693429461695,0.9900193275349388,1100,1.7504546119404834,1.7984670420512472,0.014271414189984438,450,0.8254887291504142,0.6491289257775265,0.13342279590544925,0.10550567710699484,3,0.3289,0.3525,0.473,66,127,0.3468,0.6667,0.2107,0.083,0.4037,0.5134
443,0.4327,14.1,37,0.0392773096113741,0.5210621101206662,0.9997903395282419,1000,1.8118832183192526,1.8224461910051364,0.003754930164028951,450,0.7061207128870044,0.5509275263530086,0.11669608425625444,0.07380581589325688,2,0.5526,0.4836,0.3961,397,183,0.3553,0.9583,0.2125,0.0849,0.401,0.514
444,0.4326,12.7,24,0.045931839926306194,0.5122238392480372,0.9910252191426604,1000,1.7401358295659266,1.7677086975145273,0.0034700880147174,450,0.758534137156994,0.6178199650220562,0.13288666099260732,0.07858761172615265,2,0.5263,0.4508,0.4086,322,171,0.3602,0.875,0.208,0.088,0.4094,0.5026
114,0.4322,33.9,78,0.05966190310254309,0.5540811821266626,0.9577320596458505,1200,1.7773253532772744,2.668601742119087,0.011343721093410959,450,0.948458669691538,0.3506278539268177,0.1912336424850073,0.12388746058516062,4,0.3684,0.3852,0.4559,137,142,0.3404,0.8333,0.2948,0.1283,0.2353,0.6364
72,0.432,26.1,66,0.09460676024233776,0.5793445905718263,0.9569711557465329,300,1.8923664650449121,1.7899806831063347,0.011852423062020685,400,0.8502381524120336,0.4323308444154389,0.1799060481747798,0.10584824814656628,4,0.4605,0.4385,0.4245,261,163,0.3423,0.875,0.2105,0.123,0.2956,0.5814
469,0.4298,8.0,25,0.05421116266226572,0.533041829962416,0.9844716670696992,1000,1.8219964176708188,1.717558252258185,0.003135097464414553,500,0.8070813753682478,0.5834809049181804,0.10075137382002952,0.06453405596008442,2,0.6053,0.4918,0.3789,469,190,0.3512,1.0,0.2053,0.0676,0.3913,0.5412
62,0.4298,27.0,74,0.07711536289595904,0.6011121633880782,0.9612104130621442,200,1.415960383929661,1.5998619660102527,0.01209836349150131,300,0.8053040814808661,0.25786617189986544,0.1328963475621382,0.12568137698194085,4,0.3553,0.3484,0.4632,94,132,0.3464,0.8333,0.1945,0.1111,0.2156,0.6733
75,0.4292,27.4,67,0.06267233931477863,0.5355762739250972,0.9628184485548796,200,1.8219676093603558,2.3707521125093964,0.013789900213725767,500,0.9398871482767448,0.3602708992163387,0.18645767900445392,0.10554469052012953,3,0.4868,0.4508,0.4123,303,168,0.3376,0.875,0.267,0.1254,0.2423,0.6322
328,0.4292,9.6,45,0.06196458178365685,0.5906052804168997,0.9902876629348111,1400,1.9758557482523873,1.5852934817682738,0.012781793527326219,450,0.9477303082257023,0.5702217353135082,0.10016581285655006,0.10498287240359669,3,0.3421,0.3156,0.4722,54,123,0.3447,0.8333,0.1933,0.0619,0.3524,0.5857
489,0.4283,7.7,28,0.04466487878496704,0.5101443509317135,0.9799207489981988,1000,1.7287997429006374,1.7823875975052457,0.0041150599569782925,450,0.7451732352408057,0.5341108807961219,0.12676966204797166,0.07783610237543931,2,0.5526,0.4631,0.3942,381,178,0.3577,0.9583,0.2091,0.0902,0.3799,0.53
65,0.4279,25.8,64,0.07654480517963816,0.558678399381915,0.955572776572589,200,1.8659827255668193,2.5806142970642556,0.011670443692031147,450,0.9110561753885844,0.4007403041337453,0.12053434235990752,0.11429710381186889,4,0.3421,0.332,0.4669,73,127,0.3361,0.8333,0.2879,0.0842,0.2798,0.6361
370,0.4274,40.4,71,0.030292706484317228,0.5234730294718775,0.9869771494371966,600,1.598190872554788,2.4973819676200617,0.011288480280124125,400,0.8152211637951586,0.6924422997051245,0.1223562728592243,0.06694519455466409,3,0.5658,0.4836,0.3857,426,184,0.3474,0.9583,0.281,0.0751,0.4248,0.5001
227,0.4269,28.8,88,0.051831925965715946,0.7377015209830677,0.9524384170213315,400,1.5390588971299104,1.6190077696026595,0.014372143318447845,400,0.8401955014935981,0.6290614642937036,0.16938097202470134,0.11309782687900743,3,0.3158,0.3648,0.464,83,129,0.3434,0.6667,0.1964,0.1034,0.3839,0.5127
325,0.4267,11.8,112,0.04200238914554571,0.6472916687790393,0.982433322838767,1300,1.9239044725155976,1.8761972021375082,0.013375236952488578,400,0.8850497275380624,0.34265403047068455,0.11960055684184712,0.08031644711406027,3,0.5921,0.4918,0.3772,469,189,0.3488,1.0,0.2165,0.0888,0.2543,0.6569
119,0.4266,28.4,63,0.06911610707073149,0.550810103647442,0.9995586114530648,200,2.179048202257848,2.603326636650058,0.008456799050420896,500,0.9829398510687294,0.420340479187602,0.21118348320917069,0.10847788337184121,4,0.4737,0.4508,0.4113,301,167,0.3442,0.875,0.2912,0.1308,0.2604,0.6088
375,0.4266,38.1,72,0.03757597029672831,0.547095042898872,0.9823401809493567,1200,1.4394335437953567,2.5757969822655067,0.010245715002663372,350,0.7530208188478514,0.6195842409636534,0.1355472978232577,0.07579222821855773,3,0.5526,0.4713,0.39,395,179,0.3453,0.9167,0.2874,0.0899,0.4108,0.4993
406,0.4265,34.1,24,0.039264073296931684,0.5097128644608818,0.999212293659846,1000,1.7488374372471347,1.7576026522673533,0.004118518495749507,450,0.7344114507927864,0.5481662858008213,0.10087535959447633,0.06678973193223309,2,0.5921,0.4877,0.3779,463,188,0.3542,1.0,0.2068,0.0729,0.3962,0.5309
495,0.4265,11.8,30,0.04545727385669362,0.7223961862281231,0.9814387074615253,1100,1.6609357253390782,1.630883811613626,0.00359701578194845,450,0.8222493479673763,0.5331877767970158,0.14277247964813777,0.07993193289258266,2,0.5526,0.4795,0.3881,412,182,0.3568,0.9583,0.1977,0.0953,0.3559,0.5488
145,0.4258,23.9,75,0.10245679539048556,0.5880207981072709,0.9601598066531802,300,1.7374345572711525,2.4122703515433024,0.011807673081744286,350,0.8977672334717267,0.40021777822105853,0.14369495610322935,0.08636375659378426,3,0.5526,0.4754,0.388,408,181,0.3389,0.9583,0.2729,0.0997,0.2776,0.6227
290,0.4256,9.5,52,0.09249758072398867,0.5675841812010115,0.9745400941554924,1500,1.9749090042039588,1.836991556999825,0.010940667734556642,450,0.7336905841585374,0.7484518909838803,0.15726634867031536,0.08432593169810265,3,0.4211,0.4467,0.422,258,161,0.3436,0.8333,0.2135,0.0959,0.4565,0.4475
157,0.4252,25.0,31,0.10574063692556315,0.5739592532389484,0.8336530726708697,400,1.7845856498315613,2.693932050553504,0.013882798113391593,450,0.7863146327294644,0.3018648509455556,0.15780699841423682,0.10411600418037067,3,0.5132,0.459,0.3991,346,172,0.3407,0.875,0.2996,0.1267,0.2423,0.6311
369,0.4251,52.1,68,0.031314464140284826,0.5434666919984591,0.9908021356284576,1300,1.5807211715681813,2.537010367727093,0.01086235211686745,400,0.7689996464382332,0.6706107266750353,0.10084807227305861,0.0597191644979842,3,0.6184,0.5,0.3676,513,193,0.3628,1.0,0.285,0.0655,0.4353,0.4992
25,0.4243,29.3,89,0.04497326373438895,0.7600604570252083,0.931537364494162,400,0.9219531386377674,1.600564617882075,0.01015488892827724,250,0.6641641985461133,0.45836433908344976,0.15544594628083058,0.11247186997133998,3,0.3553,0.4057,0.4431,162,144,0.3249,0.75,0.1946,0.1216,0.3587,0.5197
91,0.4242,29.7,40,0.08093789606664271,0.5622596979956351,0.9198469102262135,1300,1.554039856209257,2.777370645915573,0.011499396579238425,450,0.9058611308802014,0.3904278331403351,0.14396025554268746,0.12053248710166972,3,0.3421,0.3402,0.4599,78,126,0.3411,0.7083,0.3089,0.1,0.2711,0.629
8,0.4237,29.1,120,0.09854335238232671,0.8167018782552118,0.9357302950938589,1300,0.9664251472150895,2.7313974962249445,0.010386362991880777,450,0.9064821699311439,0.38620312747467755,0.19904673207490908,0.1297773068896796,3,0.3289,0.3852,0.4523,118,135,0.33,0.6667,0.3032,0.1334,0.2589,0.6077
94,0.4227,31.7,41,0.09372694233586781,0.5626762544775556,0.9188654002356812,1300,1.5972849857494045,2.080574433537924,0.009774293006764386,500,0.8297565221474458,0.571856372972247,0.16776057485680573,0.08924162222349792,4,0.5,0.4467,0.401,326,168,0.348,0.875,0.2374,0.1069,0.3644,0.5287
261,0.4222,40.3,75,0.04820908760642906,0.5481338077047853,0.9821996935770385,1300,2.089989829605796,1.992644308645612,0.013288636263341825,450,0.9197773234183397,0.8252244050038001,0.18416270263854118,0.07875532164202718,3,0.5,0.4713,0.395,363,174,0.3495,0.875,0.2276,0.0955,0.4278,0.4768
374,0.4213,34.1,66,0.039557912206388615,0.5187295792802615,0.9994215134540241,1300,1.6472642549725447,2.5203905746903,0.009911908090489257,400,0.8248602839770791,0.7016160902093309,0.11905905376602978,0.06324800846905163,3,0.6053,0.4918,0.3668,502,190,0.3449,1.0,0.2828,0.0724,0.4264,0.5013
416,0.4212,34.5,27,0.04676983036423078,0.5211916641691411,0.9999684542910123,1000,1.6594817949782112,1.6837811216483276,0.003911403654669747,500,0.7631395833702188,0.5898196978124157,0.1199388642094534,0.07112025575475088,2,0.5526,0.4754,0.3815,424,181,0.3725,0.9583,0.2026,0.0814,0.4004,0.5181
421,0.4179,35.2,32,0.04795371543111642,0.5241884670928654,0.991229533699055,1100,1.718909953944936,1.7133492500582002,0.003472909972671194,450,0.7239959250138528,0.5947607242516916,0.12925322405393772,0.0726178153472717,2,0.5526,0.4959,0.3724,469,186,0.3558,0.9583,0.2048,0.0893,0.4107,0.5
439,0.4175,27.0,30,0.044056740852616294,0.5094646391490409,0.9914290593562728,1000,1.8116032559184836,1.8544761242664631,0.0035084919812858515,450,0.786551273806942,0.5445654888652435,0.11408273969452623,0.06795518905257295,2,0.6053,0.5,0.3596,532,192,0.359,1.0,0.2148,0.0789,0.3768,0.5443
478,0.4172,7.4,33,0.04252322649410465,0.5101156226395831,0.9915731017938191,1100,1.7553273453411302,1.6506733864834653,0.00464249540980139,350,0.7820430675851688,0.5778192674793909,0.1182843694941498,0.06916281892926154,2,0.5789,0.4877,0.3674,487,187,0.3503,1.0,0.1988,0.08,0.3909,0.5291
67,0.4162,25.3,52,0.006743310925821947,0.5275259461843133,0.9834860632983838,200,1.7965835628476459,2.9971275396739903,0.020992235704794363,400,0.897058129897583,0.5052171767580045,0.12116792411717328,0.11025164384940588,3,0.3421,0.3156,0.4537,65,120,0.1709,0.7083,0.3315,0.0795,0.3316,0.5888
401,0.4138,40.4,35,0.044130736976119904,0.5068499040434494,0.9909067911738176,1000,1.7304260109691532,1.7331605744116823,0.0037292581439125156,450,0.7599521566656106,0.5576930599824532,0.10266293908387861,0.06315063393211978,2,0.6184,0.5082,0.3498,576,195,0.3583,1.0,0.2049,0.0723,0.3927,0.5351
336,0.4135,9.5,103,0.11917933886116701,0.6171995186738491,0.9850665223610734,300,1.9088859792786714,1.9513674936486831,0.013127223635966937,500,0.7095567629727294,0.8318687921316522,0.1740591293617948,0.09229207408801639,3,0.3553,0.4057,0.4277,178,142,0.3518,0.6667,0.222,0.1015,0.4849,0.4136
389,0.4125,33.7,51,0.041851137756198004,0.5008783669425838,0.982332351964565,800,1.628931556954343,2.5447852352423,0.012244616002946853,450,0.9668360423512176,0.5655844427101805,0.128839842620067,0.06706852603046484,2,0.6184,0.5082,0.3479,582,195,0.35,1.0,0.2852,0.0776,0.3405,0.582
407,0.4123,47.5,30,0.04279432284286403,0.5050692423843355,0.9993775021004561,1000,1.6630943782106455,1.7464411985692583,0.0038457044172962866,450,0.681095407739541,0.5225109147421765,0.11614405328580166,0.07171255773834923,2,0.5526,0.4959,0.3643,491,186,0.3591,0.9583,0.2059,0.088,0.3959,0.5161
93,0.4118,30.8,33,0.03900548175664387,0.5656243633385409,0.9583301330047405,1000,1.6598627649233215,2.7112607691517776,0.012227334124615179,450,0.9023275791111343,0.3655988379062845,0.10088204086967062,0.12143694716324141,3,0.3289,0.2992,0.4536,48,115,0.3372,0.7083,0.3038,0.0737,0.2671,0.6592
445,0.4114,19.6,29,0.04283141239647929,0.5001507761505511,0.9841579134407696,1100,1.6591539329321483,1.8628236466189874,0.003626487895679495,450,0.799899224085515,0.5871799987753201,0.11843450349136116,0.06409357045425244,2,0.6184,0.5287,0.3419,626,200,0.3519,1.0,0.2156,0.0787,0.39,0.5313
31,0.4105,27.2,87,0.07869202425261937,0.5728079825855912,0.9303182235713707,200,1.238613305879491,1.4140634479668295,0.014727722106360234,250,0.8480687081666354,0.3002801558365082,0.15740504134646244,0.14050370438250417,4,0.3289,0.3115,0.4491,60,117,0.3387,0.6667,0.1801,0.1205,0.23,0.6495
284,0.4103,35.7,87,0.09277606450170492,0.5573056284000776,0.7853681660926558,1100,1.8407739679523079,2.7396572308704497,0.010177488240991482,450,0.9208065024535067,0.7919587354930401,0.15332720252645357,0.10417688071940034,3,0.3158,0.3238,0.4491,67,119,0.3714,0.6667,0.303,0.0822,0.4244,0.4934
32,0.4088,23.0,75,0.10467940944864587,0.5813010477890297,0.914396563567993,400,1.2807858839632145,1.0269861460935847,0.015586797796382843,250,0.8243076146441815,0.18692714922583248,0.1756765991142056,0.11632669605965973,3,0.4868,0.4754,0.3779,403,174,0.3253,0.875,0.153,0.148,0.1575,0.6945
365,0.408,43.2,70,0.036959220434129074,0.535384672380792,0.9896816461327973,1300,1.4908871919485043,2.4727231816059807,0.010239772324346336,300,0.8319335566944219,0.6600281735666186,0.11848589844561806,0.061701455314933165,3,0.6184,0.5123,0.3406,611,196,0.3535,1.0,0.2776,0.0736,0.4098,0.5166
319,0.4041,10.3,50,0.03774396643698249,0.5279662296228371,0.9892301750981934,1500,2.059417994484549,1.8863519619018274,0.01712274891294688,400,0.8185868518723632,0.37426227948456725,0.20450952588194282,0.11123474439464068,3,0.4737,0.4713,0.3747,402,172,0.3458,0.875,0.2183,0.1464,0.2678,0.5858
64,0.4039,25.8,76,0.10208441102551297,0.5748607345282796,0.9069133178568459,300,1.880585801210373,1.834349221988178,0.010762888564936911,400,0.9092137788546418,0.2193596079353575,0.12528768184579014,0.08455088193062557,4,0.6053,0.4959,0.3411,585,191,0.3351,1.0,0.2132,0.0999,0.1749,0.7251
466,0.402,7.4,22,0.04529483381679828,0.5104060417064455,0.9842167797290436,1000,1.8335808413476038,1.6850012443258746,0.0032826629849645227,500,0.7564867539213516,0.5708773382266922,0.13452154100909575,0.07073941773781132,2,0.5789,0.5123,0.3404,597,193,0.3481,1.0,0.2027,0.092,0.3905,0.5175
429,0.401,26.2,25,0.03829615788516688,0.5184713499280543,0.9891625736788204,1100,1.6681221778884596,1.7792186512001622,0.0037267123152250835,450,0.7852916376975261,0.6105194574177548,0.13233074626745794,0.06528038774939222,2,0.6184,0.5369,0.3253,696,202,0.3505,1.0,0.2088,0.0866,0.3995,0.5139
158,0.4002,26.6,42,0.04842599456288892,0.6014827701742624,0.9852516458131562,300,2.030369681461303,2.8964873568315475,0.013119259959526156,400,0.8110479678836295,0.35611082754547363,0.19204299801260566,0.09686846823422282,3,0.5526,0.541,0.3373,627,197,0.3597,0.9583,0.3247,0.1413,0.262,0.5967
22,0.3998,22.5,95,0.08728351240803547,0.5816705204349967,0.9400513126830201,300,0.8181070329631736,1.1990758117845248,0.01105801599440684,250,0.6744833872500478,0.2717204540324025,0.17772459694210063,0.1263789929193828,4,0.3947,0.4344,0.3934,289,155,0.332,0.7917,0.1672,0.1581,0.2418,0.6001
44,0.398,25.5,88,0.11242413622355739,0.7644844235073982,0.9273530491455977,400,0.9925404998311325,1.288129620479899,0.010103765710136953,200,0.5689459265304424,0.2259462568681725,0.14950778446431806,0.09500602622406419,5,0.5921,0.6066,0.3118,831,217,0.3354,1.0,0.1715,0.1583,0.2392,0.6024
408,0.3973,35.5,28,0.04446291190439099,0.5007439041762645,0.9909190786104474,1000,1.7432623966590652,1.692832764164443,0.003674766073167951,450,0.752147989980827,0.5525395920349127,0.10062523074452795,0.0595443865037705,2,0.6184,0.5287,0.3218,699,200,0.3566,1.0,0.2033,0.0716,0.3932,0.5352
21,0.397,21.4,86,0.07365730158963336,0.7019685836029027,0.9396476237814205,200,1.413438329663245,1.3963256711104717,0.012147106903221823,250,0.8694492632263292,0.30542930924734185,0.13986982310862273,0.13938883752029685,4,0.3026,0.291,0.44,46,110,0.331,0.6667,0.1797,0.1064,0.2323,0.6613
475,0.396,7.4,27,0.04298245363133066,0.5121399603822583,0.9759819799280887,1000,1.6091384707346668,1.6733633229249583,0.0035684429604110465,350,0.7975946789537741,0.5892375448083559,0.1000852474921251,0.05815574921902005,2,0.6184,0.5205,0.3217,689,198,0.3531,1.0,0.2013,0.0673,0.3963,0.5364
43,0.3958,32.2,79,0.06997986824140447,0.6148313117404306,0.9785808084465919,300,0.6700276494174746,1.5309961534771799,0.01530555315171761,250,0.7896759192555918,0.14951374905975312,0.22333582636493335,0.11742765339966484,4,0.5526,0.5902,0.3206,751,209,0.3286,0.9583,0.1894,0.1921,0.1286,0.6793
458,0.3954,12.2,25,0.04443597638567892,0.5193380643689434,0.9918134219747676,1000,1.830282051833006,1.7400253341229082,0.004039860913280299,450,0.7598619601943918,0.5710459286303415,0.13751268467235947,0.06858448940457643,2,0.6053,0.5328,0.321,702,200,0.3628,1.0,0.2053,0.0936,0.3889,0.5175
159,0.3954,24.6,35,0.08497306845513507,0.9322274395839544,0.970279694588341,400,1.7607309423803255,1.3620110949148099,0.014887102705552416,300,0.828968484783844,0.38905024633644825,0.14112970250272144,0.07674835710665405,3,0.6184,0.5369,0.3174,727,202,0.3429,1.0,0.1771,0.1038,0.2862,0.6099
34,0.3952,23.1,56,0.17172610519959491,0.6108007191851952,0.8498577179781709,700,1.1840313778119058,1.5414976743672288,0.019148656885598293,300,0.9471837306397013,0.13446014360804412,0.24462229971844363,0.10892505988652564,3,0.5921,0.627,0.3033,898,222,0.3218,1.0,0.1899,0.1844,0.1014,0.7142
346,0.3951,10.2,78,0.100846603268656,0.5691919620924996,0.9562660688307684,1400,1.642082517302457,2.018576896561359,0.013519129889942288,500,0.8301602443795476,0.7758371222164249,0.12670616426048534,0.10626520134026049,3,0.2895,0.2951,0.4391,47,110,0.3487,0.6667,0.2296,0.0731,0.4478,0.4791
340,0.3949,10.0,68,0.05241578360213322,0.5290149604898655,0.978728712891341,1500,1.9234674242525076,2.8857027707463905,0.012251159217490837,400,0.8796384328184821,0.5873184740246378,0.15633744477972195,0.0696956348170331,3,0.6184,0.5451,0.3148,748,204,0.3505,1.0,0.3224,0.0963,0.3618,0.5419
419,0.3947,37.9,18,0.03853583788982248,0.515360200774643,0.99246053849302,1000,1.6967031149509906,1.8084015342157214,0.0037493480218013043,450,0.6890334282889734,0.5773204970744182,0.12466907341897439,0.06550441138080904,2,0.6053,0.5369,0.319,715,201,0.3565,1.0,0.2106,0.0896,0.415,0.4953
329,0.3927,10.5,79,0.04002395945398315,0.5098087885176177,0.9613140791585445,900,1.6649520931397859,2.23294271282062,0.014137448157232356,300,0.869739098898641,0.3630010959797505,0.1313040702359488,0.1326599322495115,3,0.3026,0.2828,0.4355,44,108,0.3525,0.6667,0.2556,0.0963,0.2661,0.6376
63,0.3884,25.3,70,0.11181538830168802,0.6041711097481304,0.9666711270650197,300,1.6174835481148402,1.5963138161767005,0.009234323661886625,300,0.8178324403673979,0.2526603039126296,0.1787218450668987,0.1587534033657192,3,0.3026,0.2828,0.4294,51,108,0.3333,0.6667,0.1943,0.1431,0.2023,0.6547
418,0.3876,33.6,33,0.044363517826657727,0.5000950311583908,0.9830909960753227,1100,1.7815446572717577,1.737601880341693,0.004255952838149488,500,0.7494518051225822,0.6026158796563681,0.11794144523503806,0.05071931766700176,2,0.6974,0.6557,0.2638,1216,237,0.3583,1.0,0.2052,0.0802,0.4099,0.5098
126,0.3874,27.4,62,0.06820861187046307,0.552977675046028,0.9681953138594589,300,1.654415842853352,2.8172393105781204,0.013331116393555907,450,0.9999788069393144,0.37129752466375426,0.10127780809412659,0.13332012453322284,3,0.3026,0.2664,0.4315,34,104,0.3412,0.6667,0.3133,0.0688,0.2521,0.6791
372,0.3873,40.7,68,0.028119127330462727,0.5312013598443207,0.9926988569462373,1300,1.5318507646341009,2.5569144122281435,0.01081746719463941,400,0.7842064705517063,0.6419632835897998,0.1309067199464591,0.053194894222242495,3,0.6842,0.6434,0.2687,1157,233,0.3498,1.0,0.286,0.0841,0.4123,0.5036
55,0.3867,27.5,85,0.06635045026501894,0.7981513935951396,0.9066814448943484,1100,1.3425692949698804,1.4372550766003485,0.007801703445258086,150,0.5646595083729578,0.28672687059785285,0.10204892036683404,0.062249744020638986,4,0.6974,0.668,0.2599,1263,240,0.3446,1.0,0.1824,0.107,0.3007,0.5922
7,0.3834,26.8,17,0.007444208747312283,0.5157145928433671,0.8182052056318903,600,1.771426727911757,2.7689161848152324,0.005326151110956669,250,0.7799960246887438,0.3059183489424602,0.1692819188459137,0.15141300851981881,1,0.2895,0.2746,0.4268,43,105,0.2623,0.6667,0.3065,0.1349,0.2437,0.6214
33,0.3833,23.3,75,0.10746273669766358,0.5637521525270314,0.9025228104890362,400,1.2480390861774358,1.0038624993909036,0.014198386437097166,200,0.8203614277635386,0.17996044812197473,0.13890011514588754,0.07710036528076163,3,0.6711,0.623,0.2702,1109,227,0.3541,1.0,0.1505,0.1219,0.158,0.7201
405,0.3789,35.8,29,0.04103886228065816,0.5041889135726662,0.9928170824287861,1000,1.7109689749849586,1.6920753696637036,0.004387561922575736,450,0.7294600746995797,0.5705600912120807,0.10091345952790158,0.05492828247780082,2,0.6447,0.5492,0.2855,899,207,0.3472,1.0,0.2031,0.072,0.4073,0.5207
68,0.3786,25.3,52,0.07309470183658225,0.5296172104099042,0.9815225685291262,200,1.779028827078573,2.833901125818368,0.023642441538740157,500,0.8854022508971239,0.5526632817559394,0.26253747742630634,0.11368126099990196,3,0.3947,0.4549,0.3587,388,160,0.3356,0.7917,0.3158,0.1544,0.325,0.5206
57,0.3729,26.2,94,0.07483661229284864,0.8249419856486447,0.9982813000083217,300,1.0825664211067292,1.6873834255954654,0.015187945406651134,300,0.670223051875974,0.17224021384578375,0.24615577970651598,0.11072244378822604,5,0.5789,0.6393,0.2717,1081,224,0.3477,1.0,0.2029,0.2261,0.1582,0.6157
41,0.3726,32.1,98,0.08745833660049625,0.5938822335434419,0.9477128129448379,300,0.9047876380048391,1.30871074817693,0.010797345991111316,250,0.6295035425140384,0.2752009456128846,0.19990343419405648,0.1275575837706046,4,0.3947,0.4713,0.3467,438,164,0.3437,0.7917,0.1731,0.181,0.2491,0.5699
484,0.3692,7.5,24,0.03667897156191837,0.5235803937778409,0.9864336734440785,1000,1.7863686534402312,1.7753502778610426,0.0037046585022692297,350,0.8253369216911473,0.1061777668257265,0.11786975970240089,0.07471711140467976,2,0.6842,0.6025,0.2517,1205,223,0.3529,1.0,0.208,0.1123,0.1012,0.7865
177,0.3682,36.2,81,0.033736800432670126,0.5951807382859541,0.9993753168950031,900,1.8772410311990835,2.0608676740901952,0.011160139404886853,400,0.891334376723629,0.5293980051297124,0.10117976069141286,0.05060203751533938,3,0.6974,0.5779,0.2528,1163,218,0.3417,1.0,0.2341,0.0665,0.3479,0.5857
17,0.3671,26.8,81,0.0657035521382157,0.7039294159774774,0.9390157949455101,200,1.4804852364650751,1.5023899242051098,0.012485713401641667,250,0.8709901397417039,0.3784360332770532,0.10286859473486058,0.13538517468507597,4,0.2632,0.2541,0.4136,28,97,0.3439,0.625,0.1882,0.0761,0.2798,0.6441
97,0.3664,36.1,58,0.03004548393724885,0.5181315074478687,0.9359975894917385,1100,1.4867891131563877,2.882815336560503,0.016075394822331654,350,0.7442196420817907,0.5492990488013967,0.12249987542648783,0.12273109387694321,2,0.2632,0.2664,0.4099,40,99,0.3455,0.5833,0.3211,0.0865,0.3879,0.5256
58,0.3652,26.2,88,0.19884019980200449,0.8651742987767396,0.7234122226434331,400,1.2198903668619812,0.5066480522918515,0.013346190503125036,250,0.7658776673330708,0.3374672021385206,0.2046145508794394,0.1695505570711828,4,0.2632,0.2664,0.4082,42,99,0.3403,0.5833,0.1033,0.1564,0.258,0.5856
36,0.3607,25.6,90,0.0525513380294557,0.5517973584943614,0.9775321326739342,600,1.169635415297069,1.7254715999635164,0.016434073564887148,250,0.8477126409336588,0.21534576704891933,0.3803772132070994,0.1517232465806494,2,0.3947,0.5656,0.3095,672,186,0.3528,0.75,0.2053,0.2635,0.1492,0.5873
348,0.3595,10.4,72,0.042589919836682914,0.5846307585103206,0.9853580130320719,300,1.5084927740594798,1.5192855286483355,0.01465510085640666,400,0.8719706936620895,0.5422043559193094,0.4009420388090619,0.0975264609455089,3,0.5789,0.6311,0.2543,1180,222,0.3502,1.0,0.1889,0.2209,0.2987,0.4804
275,0.3535,31.6,74,0.10752721305183596,0.55973070679087,0.9621890115703033,1500,1.8597250648402086,2.6632886171286096,0.012676896651978053,450,0.91803150302314,0.3550735398014604,0.4377240474646227,0.11099717499877643,3,0.5658,0.6311,0.2485,1214,221,0.3512,1.0,0.2942,0.2559,0.2075,0.5366
45,0.352,32.4,109,0.03049981956122565,0.7278304991939908,0.8831518135802852,500,1.2737765017677936,1.81190711121299,0.008465935699466,300,0.521611153968152,0.27996634918784774,0.28056235360263804,0.12678314271983113,3,0.4737,0.5984,0.2731,927,201,0.3476,0.7917,0.2109,0.2593,0.2587,0.482
98,0.3489,25.3,21,0.06954198605535858,0.627333330488478,0.9894305036327234,400,1.8330100951047827,2.4926135638071445,0.012919929483469619,450,0.9223555158491796,0.3245109213648296,0.5025504121969782,0.13178839318269042,4,0.5,0.6107,0.2604,1039,207,0.3578,0.8333,0.2801,0.2873,0.1855,0.5272
225,0.3484,27.7,42,0.0492255869559928,0.6036546628491907,0.9905966898895215,400,1.7261497413854843,1.6705906137815456,0.0137554670305051,400,0.8588918049388052,0.6169560618039718,0.4921183027508709,0.11078691939940356,3,0.5263,0.6107,0.2541,1099,210,0.3505,0.875,0.201,0.2501,0.3135,0.4364
26,0.3473,31.6,114,0.036715108086210126,0.772523603559435,0.9629080108790998,400,0.8886422495337356,1.6234207768720266,0.010389587297841861,300,0.5079076375793359,0.4729880732085704,0.28914658398851373,0.10715447346520288,3,0.4868,0.6025,0.2628,998,203,0.3333,0.7917,0.1968,0.2277,0.3724,0.3999
112,0.3425,10.4,40,0.09867856237389175,0.570494180282962,0.91639031507475,1300,1.658265155630014,2.7683629849624865,0.01195896408587267,450,0.9119653381674886,0.39114172874659114,0.1529813538579923,0.1544084377714324,3,0.2368,0.2336,0.3885,21,88,0.3425,0.5417,0.3065,0.1051,0.2686,0.6263
335,0.3404,10.7,43,0.048627679090289845,0.758365736547397,0.9704364334075368,1400,1.700225914301543,1.8990900537031559,0.01457901234480107,450,0.30722591611013217,0.3966489657836034,0.11702561873978307,0.10087393342323216,3,0.3289,0.4344,0.3227,420,147,0.3526,0.6667,0.2183,0.1426,0.4832,0.3743
447,0.3335,33.0,31,0.03468517901235587,0.5281826437058866,0.9917269892223589,1000,1.8253395054739732,1.9248740138038276,0.0038952248869715865,450,0.7277926307490233,0.5685765366119541,0.4521892662445623,0.06909095826212518,2,0.7895,0.7418,0.1483,2966,265,0.36,1.0,0.2202,0.2586,0.3252,0.4162
218,0.3328,32.5,85,0.04821946554403021,0.650677518355838,0.9997286848689032,1400,2.0152343774630603,2.6542099427056125,0.016645490830542453,400,0.9702631389344444,0.5092941598216499,0.9659455416258556,0.07693204557875767,3,0.8553,0.7992,0.121,4068,284,0.3523,1.0,0.295,0.395,0.2083,0.3968
424,0.3305,34.1,27,0.03495791892528379,0.5005553839776132,0.979859955838361,1100,1.7854572818311165,1.805828934768733,0.003189699070964336,450,0.7790965763375539,0.5216520809109492,0.7893969590850527,0.07993001878855911,2,0.8158,0.7828,0.1295,3656,277,0.3506,1.0,0.2104,0.3777,0.2496,0.3727
56,0.3287,35.3,82,0.060522775750043015,0.7544121285587765,0.9335807593076058,200,0.8964685728095383,1.3666893287886646,0.011517665059167816,250,0.6182741002373782,0.3891919215899442,0.7735962727088058,0.08840024460630262,3,0.8289,0.791,0.1225,3947,280,0.3387,1.0,0.1774,0.4343,0.2185,0.3471
35,0.3285,24.2,74,0.06507776548919447,0.6605903430039777,0.7775352543850991,200,1.3013507347534667,1.9382345675075547,0.02253541975777919,200,0.7560860690012018,0.5480097340978956,0.4700380558599642,0.08579393771726163,3,0.6842,0.6967,0.1734,2248,246,0.3541,1.0,0.2207,0.2649,0.3089,0.4262
479,0.3284,7.8,29,0.0358698807774452,0.5212414421076412,0.9796121390954095,1000,1.7257135463406534,1.7197927328367104,0.003491776460285467,350,0.7469174109530236,0.5236066532947062,0.9377570630754006,0.08262341653765115,2,0.8421,0.791,0.1191,4092,281,0.358,1.0,0.2056,0.4247,0.2371,0.3382
415,0.3275,43.6,27,0.03747088719511756,0.5014099046777547,0.991542315548396,1000,1.713605134474126,1.7390870736078254,0.0035638346359134986,500,0.737768479283623,0.5344957050190224,0.5184784162056576,0.07909072746783614,2,0.75,0.7213,0.1526,2767,257,0.3552,1.0,0.2053,0.2895,0.2985,0.412
14,0.3256,25.9,97,0.13683413767262678,0.9435432121325587,0.8899377729288119,1000,0.710349912487622,0.9040717852365344,0.023750646909820445,350,0.10827734645496669,0.1913243885794289,0.6971515921972502,0.05177155434617654,1,0.9211,0.9508,0.064,9514,326,0.321,1.0,0.1442,0.6994,0.1919,0.1086
4,0.3249,27.2,24,0.010302587393796307,0.522613644455269,0.6626651653816322,700,1.1783725794347397,2.5718437728798236,0.0068214167206895465,200,0.5884264748424236,0.2268318024772864,0.8219772826786357,0.0760927252879198,5,0.8684,0.8484,0.0962,5533,297,0.2654,1.0,0.2864,0.5021,0.1385,0.3594
440,0.3232,25.9,34,0.04111070344666363,0.5263985549145492,0.9731330090400501,1000,1.7233408994475388,1.7836116336870114,0.003945912175950483,450,0.799106600401835,0.5654613868530716,0.5884693485352801,0.08103991187291737,2,0.7368,0.7213,0.1493,2830,256,0.3551,1.0,0.2093,0.3013,0.2895,0.4092
339,0.3213,10.7,73,0.09074436397651864,0.6418633081165592,0.9668829714204907,1000,2.1001675299315927,2.7265487628370124,0.011431143242710311,450,0.9026707077739684,0.2981920968922897,0.6523660964668627,0.11488721403947737,3,0.6316,0.6721,0.1796,2048,236,0.3513,1.0,0.3029,0.352,0.1609,0.4871
480,0.3198,7.5,31,0.04943078766522336,0.5090134802823041,0.990915039770087,1000,1.5945741424655688,1.4922481198702668,0.0036256424379089757,350,0.8025752265758862,0.6324360944579035,0.7230804970743352,0.09289206567367492,2,0.7237,0.6967,0.1525,2672,249,0.3489,1.0,0.1878,0.3351,0.2931,0.3719
137,0.3165,27.6,81,0.061758394176884904,0.6250564236848599,0.9650497658040362,500,1.7492031237937007,2.7321490019946877,0.014201752109322976,300,0.8598764133443767,0.3988419990239269,0.7279132923315509,0.11580532257870675,3,0.6184,0.6803,0.1739,2145,237,0.3416,1.0,0.3035,0.3664,0.2008,0.4328
13,0.3034,26.3,119,0.12720971546191168,0.6289708138575778,0.8299920230170895,1300,1.8880020289986559,1.8241264458900162,0.00523568543242474,100,0.907494182157994,0.9103762514469974,0.6697913115459412,0.16866042686704524,2,0.2368,0.459,0.2843,513,142,0.3121,0.5,0.2125,0.2692,0.366,0.3648
28,0.3028,25.0,103,0.09856410906237031,0.6506271155483678,0.9658095061483443,900,0.7852224995694106,1.2692594706362617,0.007761867365076069,150,0.5006806813260223,0.42958624060565886,0.39512282665359755,0.19346277915246535,4,0.2237,0.4262,0.2933,430,133,0.3233,0.5,0.1704,0.2981,0.3241,0.3778
1,0.2915,26.9,35,0.009835468046820034,0.6521211214797689,0.762378215816119,800,1.2280728504951048,2.0296322368059485,0.00413632938580613,200,0.4297256589643226,0.5104629857953323,0.8066583652537123,0.11988582375542592,3,0.6184,0.6721,0.1398,2769,234,0.306,0.9583,0.231,0.4618,0.2922,0.246
30,0.2915,40.6,116,0.043997649370614296,0.8227547425601788,0.7922287095621834,300,0.9823038048613334,1.6637330105978234,0.01103976241605047,200,0.7068898033590376,0.37051960178348375,0.9927608188269232,0.23791270477492124,3,0.2368,0.5123,0.2559,726,157,0.329,0.5833,0.2006,0.4796,0.179,0.3415
2,0.286,28.8,81,0.005934530307791968,0.8037724259507192,0.5852620618436457,200,2.8722138431333333,2.9140800826863984,0.01929827997854967,200,0.1879049026057455,0.7158097238609412,0.4961372443656412,0.0927133821956726,3,0.6053,0.6557,0.1383,2711,227,0.1369,0.875,0.3267,0.3544,0.5113,0.1342
5,0.2712,71.6,102,0.01040697346842839,0.5027610585618012,0.9077307142274171,1100,2.3225179201024684,2.4281758667148643,0.003557672005672579,250,0.20428215357261675,0.8767930832880342,0.6609683141448022,0.16581430869842723,1,0.25,0.5123,0.2241,908,158,0.3205,0.5833,0.2753,0.3794,0.5033,0.1173
9,0.267,27.3,107,0.11964981600016374,0.5034760652655954,0.7553736512887829,700,1.0552695261768257,0.7996634183342071,0.0065273428713863105,500,0.3908826388186797,0.5669115595690295,0.7327170630056601,0.17727036083275288,5,0.25,0.5451,0.2111,1063,166,0.2939,0.5833,0.1346,0.4334,0.3353,0.2312
0,0.2657,23.6,57,0.1667521176194013,0.8659969709057025,0.7993292420985183,400,0.8899863008405067,0.6452090304204987,0.02204435521581134,350,0.737265320016441,0.1185260448662222,0.9729188669457949,0.34135492428014763,2,0.1184,0.4098,0.2664,437,120,0.2966,0.4583,0.1187,0.532,0.0648,0.4032
6,0.2591,30.5,50,0.016593316401633196,0.864803089169032,0.8187787356776066,1400,1.6805373129048733,0.7989856148457543,0.015501225780069818,400,0.6051494778125466,0.7938704619591049,0.5444160367279517,0.23295649028369791,3,0.0395,0.291,0.2993,122,82,0.239,0.3333,0.1345,0.2801,0.4085,0.3114
451,0.2518,20.9,26,0.04302037314591067,0.5269523932311109,0.982691286754889,1000,1.7728062479810989,1.7478149343441434,0.003269102323544445,450,0.7457558222619804,0.611432081154608,0.13568400084107127,0.17066184275688068,2,0.0658,0.1926,0.3043,7,63,0.3524,0.4583,0.2059,0.0909,0.4096,0.4995
46,0.2422,26.4,97,0.05842877204732875,0.5897944781480284,0.952661728604317,200,0.8452386262928846,0.9188541543002198,0.011854727898258003,150,0.8299505797476104,0.9981129619019603,0.19557211986067072,0.1585927502457614,4,0.0395,0.1967,0.2954,8,61,0.3467,0.4167,0.1458,0.0966,0.4932,0.4101
3,0.2344,26.1,18,0.14313829500644557,0.6293899908000085,0.831261142176991,600,1.800170052944527,1.8667756983581991,0.004591723309650052,500,0.7976195410250031,0.9455490474077702,0.905344615384884,0.2592649925838798,5,0.0658,0.2992,0.2567,240,86,0.3169,0.3333,0.2156,0.3418,0.357,0.3012
260,0.1804,38.3,78,0.09000406897521492,0.5642849192747859,0.999245497496412,1300,2.0385514299700085,1.9516968747806906,0.0033477336367413037,450,0.9040484812948637,0.8377348945001193,0.11702954167797153,0.19144729031361785,3,0.0132,0.1393,0.2251,3,44,0.3422,0.375,0.222,0.063,0.4507,0.4864
15,0.1613,26.1,71,0.05749844422324963,0.9847685553939328,0.9661451709558936,1200,1.5541431515406943,2.9518791807866496,0.00952537450561962,450,0.9971481578163748,0.35268485881573375,0.10532092202798408,0.26175534974028714,4,0.0132,0.1189,0.2021,3,39,0.3181,0.375,0.327,0.0724,0.2424,0.6853
155,0.1613,31.2,38,0.059517007506516374,0.6694939523234124,0.9360733045802123,500,1.6745273257346982,2.799254219253568,0.011141550038238622,300,0.9282968468889953,0.43908016947668066,0.17909556852624614,0.24906608381007378,3,0.0132,0.1189,0.2021,3,39,0.3502,0.375,0.3125,0.1158,0.2839,0.6003
115,0.1577,34.2,77,0.059971176808188545,0.5096515009957975,0.9624558216333212,1200,1.7773764320018153,2.676013076137188,0.014182759360808064,450,0.9533012549371876,0.340106347368059,0.19322099625103922,0.27936622357898855,4,0.0132,0.1148,0.1979,2,38,0.3402,0.375,0.2966,0.13,0.2288,0.6413
16,0.1399,29.3,43,0.025170452619521548,0.713556152816666,0.9992230534582509,1500,2.1456278027782796,2.5266774292170653,0.0070325664745346855,300,0.7630165770233281,0.4128700874469243,0.3396102721355516,0.32017535431606764,2,0.0132,0.1025,0.1751,0,33,0.32,0.2917,0.284,0.2241,0.2724,0.5035
50,0.1275,39.6,127,0.02264611219974846,0.6760246387339988,0.9804948790510286,1300,0.6457464978881081,0.6731099272376493,0.0075114909015987896,300,0.9644315717837506,0.6035925283434163,0.12880669203248124,0.2716903047061769,5,0.0132,0.0902,0.16,1,30,0.3526,0.2917,0.122,0.0759,0.3557,0.5684
23,0.1065,21.2,93,0.09243526580831234,0.5795807300932773,0.9987349142404867,300,0.8326256553362356,1.1898431535665335,0.012758608476162286,150,0.6887577559903092,0.26404876565787144,0.32268799658146213,0.3850682724958522,4,0.0,0.0779,0.1355,0,25,0.3434,0.25,0.1663,0.253,0.207,0.54
101,0.0976,31.7,35,0.1319421683084524,0.8781442090502116,0.9209609991875042,1300,1.4150509208728128,2.6412002255005835,0.010248437178820487,450,0.9076476539970924,0.3724737264189375,0.2185541138705388,0.3536788639567947,3,0.0,0.0656,0.1253,0,23,0.3388,0.2917,0.2949,0.1458,0.2485,0.6056
180,0.094,45.2,91,0.04077772432075263,0.7146919863782375,0.9709302228690814,1100,1.67199593426158,1.886194523065934,0.01408537533941822,450,0.9116921684250461,0.7040028168158743,0.12470485169239065,0.30163337269765206,3,0.0,0.0656,0.1202,0,22,0.3405,0.25,0.2183,0.0717,0.4045,0.5238
240,0.0565,29.9,77,0.04904742401356352,0.5993172359014823,0.9852072404803056,300,1.7862006650504179,1.649945216569558,0.013208605788776695,400,0.8102342231438838,0.5924764597818623,0.10282220734315643,0.358588159356656,3,0.0,0.0369,0.0728,0,13,0.3599,0.1667,0.1987,0.0683,0.3935,0.5382
89,0.0521,50.5,72,0.0433918148757454,0.5049725349118928,0.9890742227470941,900,1.4605015753261108,2.897691692050134,0.012848160136370182,500,0.8655971589755795,0.6748329215777402,0.16362813448221003,0.3923459854097453,3,0.0,0.0328,0.0674,0,12,0.34,0.1667,0.3247,0.096,0.396,0.508
